"Vid name","Vid URL","Uploader Name",Likes/Dislikes,Categories,"# of comments"
"FUCKED MY HORNY STEPSISTER OUTSIDE ON FAMILY VACATION",https://www.pornhub.com/view_video.php?viewkey=ph5eff544b307c3,"Nyna Ferragni",4228/1231,,87
"HANDS ON PARENTING - DIXIE LYNN & TUCKER STEVENS - FAMILY THERAPY",https://www.pornhub.com/view_video.php?viewkey=ph5ef5ff64bd055,"Alex Adams",14830/4333,,252
"DRUGAR JEBE KURVU I GOVORI DULE SAVIC",https://www.pornhub.com/view_video.php?viewkey=ph5f1cd4f01effe,CrniTip,108/19,,0
"BRAZZERS - BUSTY ALENA CROFT GETS HER ASS FUCKED IN THE SHOWER",https://www.pornhub.com/view_video.php?viewkey=ph5ef3048384943,Brazzers,22870/9390,,86
"YOGA INSTRUCTOR GETS ROUGH ANAL FROM ONE OF HER STUDENTS AFTER CLASS.",https://www.pornhub.com/view_video.php?viewkey=ph5f0014302d0d4,yinyleon,9212/3466,,123
"FIT TEEN GETS HER PERFECT ASS FUCKED - AMATEUR 4K",https://www.pornhub.com/view_video.php?viewkey=ph5d1354cf84249,"Miss Impulse",22738/7159,,148
"HORNY LOVER FUCKS HOT TEEN BUTT FROM BEHIND",https://www.pornhub.com/view_video.php?viewkey=ph56cb2faf4873d,"Teen Mega World",226917/105616,,866
"COLLEGE TEEN WITH 8 MIN OF INTENSE ANAL ROUGHT FUCK AND CREAM!!!DANIKA.MORI",https://www.pornhub.com/view_video.php?viewkey=ph58bad3a46a5cc,"Danika Mori",47417/13019,,341
"WHITE GIRLS WHORES FOR BBC 2",https://www.pornhub.com/view_video.php?viewkey=ph5d8658e0ce568,Unknown,167/65,,4
"BURNING HOT ASS TO PUSSY AT MOUNTAIN WITH SEA SIGHT.",https://www.pornhub.com/view_video.php?viewkey=ph5d489389d0714,ArrestMe,6553/2005,,163
"ASIAN ANAL GAPE PUBLIC (MUST WATCH!)",https://www.pornhub.com/view_video.php?viewkey=ph5c2d57b895a1d,younggusher,3454/641,,65
"HE CASUALLY PUT HIS COCK IN MY ASS AND INSTANTLY CUM - AMATEUR ANAL REISLIN",https://www.pornhub.com/view_video.php?viewkey=ph5f1def4830c32,Reislin,13004/3253,,461
"TUSHY PARTY GIRL CRAVES A COCK IN HER ASS",https://www.pornhub.com/view_video.php?viewkey=ph5d35773c5faaf,Tushy,4154/1448,,30
"ELLILOVESU ANAL 21-07-2019 CHATURBATE",https://www.pornhub.com/view_video.php?viewkey=ph5d358f471e6bc,Unknown,502/84,,0
"BOUND ON THE FLOOR",https://www.pornhub.com/view_video.php?viewkey=ph5f34f2603e2d1,Fridayisnew,4/1,,0
"STRETCHING OUT*** TOTAL DEMOLITION OF MY ASSHOLE* FULL VID ON ONLYFANS",https://www.pornhub.com/view_video.php?viewkey=ph5e1998909afaf,siswet,10334/4269,,163
"HINATA AND INO:BUKKAKE MISSION ANAL CREAMPIE GAPE BIG ASS TEEN COSPLAY",https://www.pornhub.com/view_video.php?viewkey=ph5e4520df0f961,"Purple Bitch",1758/506,,12
"BIG ASS MILF ASKS FOR ROUGH ANAL AND THEN SHE MAKES HIM TO SLOW DOWN",https://www.pornhub.com/view_video.php?viewkey=ph5d6ee79d268c7,yinyleon,69846/32537,,360
"TEEN MOM FARRAH GETS FUCKED IN EVERY POSITION.",https://www.pornhub.com/view_video.php?viewkey=ph5e48d329d5984,Unknown,1872/976,,7
"국산 야동 KOREA 한국 미모의 여친과 떡방 대화내용 개꼴",https://www.pornhub.com/view_video.php?viewkey=ph5d84d7ebab11a,kakekake2212,598/372,,5
"KIMMY : 24H AVEC PASCAL OP",https://www.pornhub.com/view_video.php?viewkey=ph5f248e474e381,yupleak69,780/239,,11
"BREAKING MILF ASS",https://www.pornhub.com/view_video.php?viewkey=ph5ef6aa410e807,Zolazon,173/54,,3
"DEBT4K. HUSBAND SOLD HIS BEAUTIFUL WIFES ASS TO RETURN THE LOAN TO COLLECTO",https://www.pornhub.com/view_video.php?viewkey=ph5d36f5098ed2e,"Debt 4K",267/129,,0
"WHO IS SHE?",https://www.pornhub.com/view_video.php?viewkey=ph5f27a553adb89,jetflick,129/17,,5
"PUBLIC AGENT HOOK UP A YOUNG MARRIED GIRL FOR MONEY AND CREAMPIE HER PUSSY",https://www.pornhub.com/view_video.php?viewkey=ph5ee49ee225977,MariLewdVi,2001/994,,27
"BUSTY STEP MOM IS STUCK IN THE SINK - NIKKI BROOKS",https://www.pornhub.com/view_video.php?viewkey=ph5eecef71f060e,"Luke Longly",1560/619,,19
"I WANTED TO FUCK, AND HE CAME WITH A CAMERA - SOLAZOLA",https://www.pornhub.com/view_video.php?viewkey=ph5e0b7edd07d31,Solazola,9107/2727,,133
"I WAS ALMOST CAUGHT BY NEIGHBORS WITH THE DICK IN MY SWEET PUSSY - SHORT V.",https://www.pornhub.com/view_video.php?viewkey=ph5e935bfe7843e,Reislin,39821/9955,,919
"JACQUIE ET MICHEL TV : CAMILLE, 33ANS, INFIRMIÈRE À TOURS, PASSE À L'ACTION !",https://www.pornhub.com/view_video.php?viewkey=ph5f3539b2339b2,ffxvtem,6/10,,0
"FUCKED MARCELIN ABADIR IN ANAL AFTER RUNNING",https://www.pornhub.com/view_video.php?viewkey=ph5d97ab4f873fe,"Marcelin Abadir",1351/332,,46
"FIT GASTROINTESTINAL VACATION SODOMITE",https://www.pornhub.com/view_video.php?viewkey=ph5e51f4af0318d,"Asian Street Meat",367/72,,0
"보지 항문 쑤시면서 오줌싸기 KOREAN TEEN",https://www.pornhub.com/view_video.php?viewkey=ph5c941e0dc0488,unknown,228/80,,2
"KOREAN BEAUTY ANAL (AMATEUR)",https://www.pornhub.com/view_video.php?viewkey=ph5e3f9c2cb4e7c,Kpopfancum,1484/515,,17
"THE BEST ANAL WHEN TAKE YOU DICK OUT HER PUSSY AND SLIP STRAIGHT IN HER ASS",https://www.pornhub.com/view_video.php?viewkey=ph5e2942f32f5cf,"Peppper Hart",488/135,,10
"ANAL WITH PICKUP",https://www.pornhub.com/view_video.php?viewkey=ph5f008bf5782db,unknown,3/2,,1
"HOT ANAL FUCK IN A CORNFIELD - AMATEUR ANA CHAUDE",https://www.pornhub.com/view_video.php?viewkey=ph5ef175a594b29,"Ana CHAUDE",429/82,,60
"KITTY CAPRICE WHORE FUCKER BIG ASS",https://www.pornhub.com/view_video.php?viewkey=ph5f350397adaed,tifalockhartsex,29/2,,0
"MY GIRLFRIEND JERKS ME OFF",https://www.pornhub.com/view_video.php?viewkey=ph5f167d4a48d98,bryanmodels,17/4,,0
"THUMBS SUCKING ASSHOLE BUGGER",https://www.pornhub.com/view_video.php?viewkey=ph5f13b2387a5e2,"Asian Street Meat",130/88,,9
"COVID 19, DID NOT KNOW WHAT TO DO BUT FUCK GIRLFRIEND",https://www.pornhub.com/view_video.php?viewkey=ph5f1f9237c501f,davilnguyen,54/11,,2
"0072 - MONIKA",https://www.pornhub.com/view_video.php?viewkey=ph5f01857676b90,unknown,84/43,,2
"“WAP” CARDI B PMV",https://www.pornhub.com/view_video.php?viewkey=ph5f2dd0a6ce613,Marine961234,217/25,,7
"KOREAN ANAL GAPE",https://www.pornhub.com/view_video.php?viewkey=ph595bb1c33ba3a,unknown,2427/592,,16
"SKINNY SLUT TAKES MY BIG COCK UP HER ASS IN THE SHOWER",https://www.pornhub.com/view_video.php?viewkey=ph5ef0ed76dd3cf,djkuroneko,19/7,,0
"국산 애널3",https://www.pornhub.com/view_video.php?viewkey=ph5c2bb50b13e9f,Unknown,659/213,,0
"ASS AND PUSSY DESTROY BY HUGE BLACK DICK",https://www.pornhub.com/view_video.php?viewkey=ph5f35d2e6c9611,kaneki-67,1/0,,0
"RIGHT ROYAL RECTAL ROUTING",https://www.pornhub.com/view_video.php?viewkey=ph5c0f1a02bf869,"Asian Street Meat",386/59,,4
"ZEZANJE U DOBA KORONE SA JOVANOM BLAGOJEVIC",https://www.pornhub.com/view_video.php?viewkey=ph5f0e2219d7179,dejanstefanovic,26/14,,0
"PUBLIC AGENT HOOK UP A YOUNG MARRIED GIRL FOR MONEY AND CREAMPIE HER PUSSY",https://www.pornhub.com/view_video.php?viewkey=ph5ee49ee225977,MariLewdVi,2002/994,,27
"BUSTY STEP MOM IS STUCK IN THE SINK - NIKKI BROOKS",https://www.pornhub.com/view_video.php?viewkey=ph5eecef71f060e,"Luke Longly",1560/619,,19
"I WANTED TO FUCK, AND HE CAME WITH A CAMERA - SOLAZOLA",https://www.pornhub.com/view_video.php?viewkey=ph5e0b7edd07d31,Solazola,9107/2727,,133
"I WAS ALMOST CAUGHT BY NEIGHBORS WITH THE DICK IN MY SWEET PUSSY - SHORT V.",https://www.pornhub.com/view_video.php?viewkey=ph5e935bfe7843e,Reislin,39821/9955,,919
"SATISFACTION AND SODOMIZED CONFUSION",https://www.pornhub.com/view_video.php?viewkey=ph5c1474377eba1,"Asian Street Meat",986/334,,3
"PART.2 FIRST TIME PAINFUL ANAL, BUT SHE LOVES IN THE END(ENGLISH SUBTITLE)",https://www.pornhub.com/view_video.php?viewkey=ph5e6b38b46bb73,"Mr Kim",2251/836,,52
"BUSTY BLONDE BEGS ME TO FUCK HER BRAINS OUT",https://www.pornhub.com/view_video.php?viewkey=ph5ef0ce4a7f997,geforce01,40/37,,0
"BOUND ON THE FLOOR",https://www.pornhub.com/view_video.php?viewkey=ph5f34f2603e2d1,Fridayisnew,4/1,,0
"SHE SCREAM WHILE BEEING FUCKED ANAL",https://www.pornhub.com/view_video.php?viewkey=ph5f329232562e3,Skyyy305,11/1,,0
"CHINESE BEAUTIFUL GIRL AND PRETTY BOY",https://www.pornhub.com/view_video.php?viewkey=ph5d13a518932f3,lengthe,701/241,,9
"WIFE MEETS HUSBAND'S REQUEST AND HAS SEX WITH DOORMAN",https://www.pornhub.com/view_video.php?viewkey=ph5f1c253313c4b,Sexarte_oficial,27/26,,0
"SAGA. FIRSTANALQUEST",https://www.pornhub.com/view_video.php?viewkey=ph5f00ed03b78a0,unknown,10/2,,0
"NIGHT NAKED WALK, LICKING PUBLIC TOILET AND PUBLIC FETISHES (TRAILER)",https://www.pornhub.com/view_video.php?viewkey=ph5f32695c75307,"Forest Whore",114/15,,6
"한국 잘 주는 년04",https://www.pornhub.com/view_video.php?viewkey=ph5e9470a7a9fc0,kellvin5,96/48,,1
VIDEO,https://www.pornhub.com/view_video.php?viewkey=ph5f360e8948976,ohnorthgirl,6/1,,0
"สาวไซด์ไลน์น่ารักขับแกร็บไบค์ขายหีให้ลูกค้าถึงที่พัก THAI GRAB BIKE CUTE",https://www.pornhub.com/view_video.php?viewkey=ph5e5d6bb94335a,siripan1,336/139,,1
"BBC JOACHIM KESSEF FUCKS DENISE ASS CUCKOLD EATS HIS CUM",https://www.pornhub.com/view_video.php?viewkey=ph5ef8dfdd0c334,MonsterMales,14/11,,0
SUBWAY,https://www.pornhub.com/view_video.php?viewkey=ph5c1f71607c087,cloudq7,419/44,,14
"KOREAN EXCHANGE STUDENT TRIES ANAL WITH BIG WHITE COCK",https://www.pornhub.com/view_video.php?viewkey=ph5d97c40b1af14,Unknown,908/302,,8
"ASIAN BABY GIRL ASSURI YU MASTERBATION DILDO ANAL SQUIRT",https://www.pornhub.com/view_video.php?viewkey=ph5ef4e39ede3e4,dbkhlzy,210/56,,6
"50 YEAR OLD BRITISH MILF AMANDA",https://www.pornhub.com/view_video.php?viewkey=ph5ef0feb207b6e,unknown,71/40,,1
"FUCK WITH ASIAN COLLEAGUE AFTER WORK, PART 1",https://www.pornhub.com/view_video.php?viewkey=ph5f1c46c02a8d7,thechowshow,77/17,,0
"OMG SKINNY GIRL TAKES TWO BIG BLACK COCKS IN THE ASS",https://www.pornhub.com/view_video.php?viewkey=ph5f351ca965c69,PinkDick18,25/1,,1
"DRINK JUICE FROM PUBLIC TO ANAL",https://www.pornhub.com/view_video.php?viewkey=ph5ae2f36ba225a,cloudq7,261/33,,7
"PUBLIC AGENT HOOK UP A YOUNG MARRIED GIRL FOR MONEY AND CREAMPIE HER PUSSY",https://www.pornhub.com/view_video.php?viewkey=ph5ee49ee225977,MariLewdVi,2002/994,,27
"BUSTY STEP MOM IS STUCK IN THE SINK - NIKKI BROOKS",https://www.pornhub.com/view_video.php?viewkey=ph5eecef71f060e,"Luke Longly",1560/619,,19
"I WANTED TO FUCK, AND HE CAME WITH A CAMERA - SOLAZOLA",https://www.pornhub.com/view_video.php?viewkey=ph5e0b7edd07d31,Solazola,9107/2727,,133
"I WAS ALMOST CAUGHT BY NEIGHBORS WITH THE DICK IN MY SWEET PUSSY - SHORT V.",https://www.pornhub.com/view_video.php?viewkey=ph5e935bfe7843e,Reislin,39821/9955,,919
"KOREAN AMATEUR ANAL SEX",https://www.pornhub.com/view_video.php?viewkey=ph56d934f0a401d,abadian9,2939/1331,,10
"NINE MONTHS EXCLUSIVE ANAL SOD GIRL",https://www.pornhub.com/view_video.php?viewkey=ph5d3f9a6d72b74,"Asian Street Meat",2122/1236,,13
"FUCK THE POLICE BY YEERO (LOOPED, SOUND)",https://www.pornhub.com/view_video.php?viewkey=ph5bcd0fe0f3e35,DickOut4,606/74,,4
"ASIAN AMATEUR",https://www.pornhub.com/view_video.php?viewkey=ph5b635a1402211,unknown,128/58,,1
"NEIGHBORHOOD WATCH GUYS TAKE ADVANTAGE OF RUNAWAY TEEN",https://www.pornhub.com/view_video.php?viewkey=ph5f310d1be7aca,LilBitxhKing,12/3,,1
"美しい妹は彼女が処女を売ったのは初めてだった 2",https://www.pornhub.com/view_video.php?viewkey=ph5c210ed1eac8a,Unknown,1569/1001,,4
"DRINK JUICE FROM PUBLIC TO ANAL",https://www.pornhub.com/view_video.php?viewkey=ph5ae2fc8d5379d,cloudq7,3421/601,,38
"NO LUBE ANAL 윤 활 유 항문 없음",https://www.pornhub.com/view_video.php?viewkey=ph5c19784ac4d12,aleri,55/20,,0
"DIRTY TALKING P AT THE GLORYHOLE WITH ANAL 1-2",https://www.pornhub.com/view_video.php?viewkey=ph5f34d997df6be,Joyfulquarks,34/5,,0
"AMBRIDGE PAKAWALA WHORED OUT PREVIEW",https://www.pornhub.com/view_video.php?viewkey=ph5f2520237fecd,Ambridge_Pakawala,10/4,,1
NEWJEANS_HOT,https://www.pornhub.com/view_video.php?viewkey=ph5f354839982b5,torres_santiago17,44/9,,0
"HE DOMINATES AND FUCKS MY CHEATING ASIAN ASS SO HARD MY FLYING TITS HURT!",https://www.pornhub.com/view_video.php?viewkey=ph5ce8ed7c619c7,xandoman,35/7,,1
"KOREAN SEX SCENE 261",https://www.pornhub.com/view_video.php?viewkey=ph5ba8abb388e25,letanacc5,957/434,,4
"MI NOVIA X FIN SE ANIMO",https://www.pornhub.com/view_video.php?viewkey=ph5f2a5e001134f,LuLuquez2709,4/0,,0
"KOREAN SEX SCENE 275",https://www.pornhub.com/view_video.php?viewkey=ph5bf84f412ab5a,letanacc5,11015/5822,,18
"KOREAN VIRGIN DEFLORATION",https://www.pornhub.com/view_video.php?viewkey=ph5b830ae8420d9,unknown,627/314,,2
"FUCKING THE SLUTTY BABYSITTER'S PERFECT PUSSY WITH A BUTT PLUG IN HER ASS",https://www.pornhub.com/view_video.php?viewkey=ph5f356cdf4984f,Jayandsophiaxx,3/0,,4
"KOREAN TEEN MASTURBATE",https://www.pornhub.com/view_video.php?viewkey=ph5f2a82ed188f1,mercytang1018,12/5,,0
"BRUNETTE MILF SURPRISED BY ANAL FUCK & HUGE CUM ON THE FACE!",https://www.pornhub.com/view_video.php?viewkey=ph5f1d57d21eb55,ChantyChrys,519/53,,147
"KOREAN AMATEUR PAINFUL ANAL SCREAMING",https://www.pornhub.com/view_video.php?viewkey=ph5cc84233593d8,Unknown,382/174,,2
"MY BF FUCKS MY ASS HOLE WHILE MY LITTLE SISTER RESTS NEXT TO US",https://www.pornhub.com/view_video.php?viewkey=ph5f265b850deab,Madeincanarias,10071/3645,,190
"PUBLIC AGENT HOOK UP A YOUNG MARRIED GIRL FOR MONEY AND CREAMPIE HER PUSSY",https://www.pornhub.com/view_video.php?viewkey=ph5ee49ee225977,MariLewdVi,2002/994,,27
"BI CUCKOLD FACIAL",https://www.pornhub.com/view_video.php?viewkey=ph5e2f9419622fd,ItsLizzieLove,383/47,,6
"FOR BOYS WITH IMPURE THOUGHTS #3",https://www.pornhub.com/view_video.php?viewkey=1047579480,tonguefingers,1221/408,,49
"REDHEAD AMATEUR TEEN GET ASS FUCKED AND ANAL CREAMPIE!!!",https://www.pornhub.com/view_video.php?viewkey=ph5ee2696472d72,NeverTamedBBC,44/52,,1
"가면하고 올노출함 얼굴 다팔렸는데...ㅋㅋ",https://www.pornhub.com/view_video.php?viewkey=ph5e154d1c0ef92,Unknown,170/88,,0
"KOREA TEEN ANAL 보지항문2 쑤시기",https://www.pornhub.com/view_video.php?viewkey=ph5c9427c667978,unknown,113/34,,1
"ANAL MAKES MY PUSSY WET, BUT DP MAKES IT WETTER: AMATEUR LESBIAN ASS LICKING, FINGERING, ROUGH ANAL",https://www.pornhub.com/view_video.php?viewkey=ph5f35ce6aa648d,"Kinky Babies",82/5,,9
"ANAL WITH BAE",https://www.pornhub.com/view_video.php?viewkey=ph5f35d55cc4405,killakillz444,9/1,,0
"TOO CUTE FOR PORN",https://www.pornhub.com/view_video.php?viewkey=ph5f3501694ddae,kapifski,31/8,,1
"LONG LEGS WEARING TIGHT DRESS UNIFORM AIRLINE GIRL 街拍黑色短裙职业女性",https://www.pornhub.com/view_video.php?viewkey=ph5ed683c3e5c50,Unknown,20/10,,1
"JACQUIE ET MICHEL TV - ASHLEY 22 ANS BCBG MAIS SALOPE",https://www.pornhub.com/view_video.php?viewkey=ph5f3128212a2c4,jejetatat,7/1,,0
"THAI STUDENT SEX",https://www.pornhub.com/view_video.php?viewkey=ph5efddb1eba7c8,tleslur,13/1,,0
"LATINO GRANDPA FUCKING AND LICKING WIFE",https://www.pornhub.com/view_video.php?viewkey=ph5f266fadd2071,brunorain,10/2,,0
"LONG HAIRED VICKI GLORYHOLE WITH SOME ANAL",https://www.pornhub.com/view_video.php?viewkey=ph5f34d82183b88,Joyfulquarks,37/9,,0
AMAZONRIDER,https://www.pornhub.com/view_video.php?viewkey=ph5f35f0fda5169,Kamabruta,7/0,,0
"KOREAN MILF MASSAGE BLOWJOB AND FUCK PART 2",https://www.pornhub.com/view_video.php?viewkey=ph5ab36d52962c7,"Randy Johnson",1303/673,,10
"18 YEARS OLD TEEN LIKE ANAL SEX DESTROYED ASS HARD",https://www.pornhub.com/view_video.php?viewkey=ph5f2dc8e3e26eb,diegolovesex,36/11,,2
"ENG SUB. NEW KOREAN THREESOME FUCK PART1,2 OUTLINE 초대남 영상",https://www.pornhub.com/view_video.php?viewkey=ph5ef3ef9dc62ca,"Mr Kim",840/240,,16
"KOREAN SCHOOLGIRL SEXY LEGS",https://www.pornhub.com/view_video.php?viewkey=ph5f12ad0698783,yngpic,10/5,,0
"THAI STUDENT SEX2",https://www.pornhub.com/view_video.php?viewkey=ph5efdde679d57b,tleslur,127/36,,9
ASIAN,https://www.pornhub.com/view_video.php?viewkey=ph5f35dfdbd8d6b,ohnorthgirl,1/0,,0
韩国BJ门把手,https://www.pornhub.com/view_video.php?viewkey=ph5e3ed23f00145,nanhaiesheny,167/68,,2
"KOREAN FINGER FUCKS SECRETLY AND ORGASMS",https://www.pornhub.com/view_video.php?viewkey=ph5bd819724decd,Ripptorn70,37/11,,0
"MY BF FUCKS MY ASS HOLE WHILE MY LITTLE SISTER RESTS NEXT TO US",https://www.pornhub.com/view_video.php?viewkey=ph5f265b850deab,Madeincanarias,10072/3645,,190
"PUBLIC AGENT HOOK UP A YOUNG MARRIED GIRL FOR MONEY AND CREAMPIE HER PUSSY",https://www.pornhub.com/view_video.php?viewkey=ph5ee49ee225977,MariLewdVi,2002/994,,27
"BI CUCKOLD FACIAL",https://www.pornhub.com/view_video.php?viewkey=ph5e2f9419622fd,ItsLizzieLove,383/47,,6
"FOR BOYS WITH IMPURE THOUGHTS #3",https://www.pornhub.com/view_video.php?viewkey=1047579480,tonguefingers,1221/408,,49
"MATURE HOT WIFE GETTING HER ASS FILLED AND FARTING OUT THE CREAMPIE",https://www.pornhub.com/view_video.php?viewkey=ph5f316578e96fc,"Dirty Marie",55/9,,8
"KOREAN SEX SCENE 235",https://www.pornhub.com/view_video.php?viewkey=ph5b6033231e326,letanacc5,492/240,,0
"KOREAN SEX SCENE 57",https://www.pornhub.com/view_video.php?viewkey=ph5942b1ac47ccd,Unknown,687/298,,5
"ASIAN BABE TAKES TWO BBC'S",https://www.pornhub.com/view_video.php?viewkey=ph55c1529faaf24,Unknown,9386/2820,,53
"FAKE TAXI HOT POSH STUDENT TRIES ANAL FUCKING WITH HORNY BIG DICK CABBIE",https://www.pornhub.com/view_video.php?viewkey=ph5f352cf134a1c,"Fake Taxi",77/25,,4
"MIAMI VICE IN THE ANAL ORIENT",https://www.pornhub.com/view_video.php?viewkey=ph5bd537b4e87a4,"Asian Street Meat",505/176,,5
"KOREAN SEX SCENE 297",https://www.pornhub.com/view_video.php?viewkey=ph5d239d6ad6529,letanacc5,400/190,,0
"FIRST ANAL EXPERIENCE OF MIMI TANAKA AND ASLAM KHAN - PORNCURRY",https://www.pornhub.com/view_video.php?viewkey=ph5ed4b29dabfce,joinarockband93,188/70,,2
"SECRET SLUT GETS TAG TEAMED BY THE HOMIES AT A PARTY - TIK TOK: GIAFOXY",https://www.pornhub.com/view_video.php?viewkey=ph5f358d2da1fd4,BigGiraffe69,10/1,,0
"일본 백보녀 무수정",https://www.pornhub.com/view_video.php?viewkey=ph5e3c67baa0235,Unknown,77/32,,1
"FIRST TIME ANAL FUCK WITH GF IN HER PARENTS HOUSE",https://www.pornhub.com/view_video.php?viewkey=ph5f3004275e2ee,DearSenpai,10/1,,0
"BEAUTIFUL THAI TEEN FUCKED หลุดนักเรียนตูดสวยหุ่นดีเงี่ยนเย็ดกับแฟน - KOROS12",https://www.pornhub.com/view_video.php?viewkey=ph5f2a9f8ae6942,koros12,58/24,,3
"FISTINGLESSONS MIA SWEET 8 - MAX HARDCORE",https://www.pornhub.com/view_video.php?viewkey=ph5f3575b88df50,raphaelrake,6/0,,0
"KOREA,한국)신작 남2여1 색다른 쓰리썸",https://www.pornhub.com/view_video.php?viewkey=ph5c4a5ed5b9cb1,Unknown,1021/775,,13
"한국야동 - 한때 유명했던 철벅지녀 풀버전 1",https://www.pornhub.com/view_video.php?viewkey=ph5c95e5f178549,Unknown,94/107,,0
"PAKISTANI TEEN ASS HAIRY WET PUSSY FUCK FIRST TIME ANAL TRY ANAL FINGERING",https://www.pornhub.com/view_video.php?viewkey=ph5f3521d381c1d,chocolateloca,6/2,,0
"KOREAN SEX. LINE:SOUYUL THREESOME.",https://www.pornhub.com/view_video.php?viewkey=ph59e3d6a0cbe16,Unknown,237/80,,0
"STEP SISTER ASKED TO TIE AND FUCK IN ALL HOLES. DOUBLE PENETRATION.",https://www.pornhub.com/view_video.php?viewkey=ph5f2f954474cad,Barbieroom,26/4,,4
"MOM IN PANTYHOSE GAVE HER STEPSON HER ASS. BIG ASS MATURE LADY ANAL SEX AND BLOWJOB",https://www.pornhub.com/view_video.php?viewkey=ph5f35a78b7067b,"Melanie Taylor",27/6,,1
"MARINA MUI ONLYFANS VIRGIN KILLER",https://www.pornhub.com/view_video.php?viewkey=ph5f1d4182389a1,unknown,44/12,,0
"MY BF FUCKS MY ASS HOLE WHILE MY LITTLE SISTER RESTS NEXT TO US",https://www.pornhub.com/view_video.php?viewkey=ph5f265b850deab,Madeincanarias,10073/3645,,190
"PUBLIC AGENT HOOK UP A YOUNG MARRIED GIRL FOR MONEY AND CREAMPIE HER PUSSY",https://www.pornhub.com/view_video.php?viewkey=ph5ee49ee225977,MariLewdVi,2002/994,,27
"BI CUCKOLD FACIAL",https://www.pornhub.com/view_video.php?viewkey=ph5e2f9419622fd,ItsLizzieLove,383/47,,6
"FOR BOYS WITH IMPURE THOUGHTS #3",https://www.pornhub.com/view_video.php?viewkey=1047579480,tonguefingers,1221/408,,49
"KOREAN SEX SCENE 310",https://www.pornhub.com/view_video.php?viewkey=ph5ddaa7a027116,letanacc5,314/119,,4
"KOREAN SEX SCENE 237",https://www.pornhub.com/view_video.php?viewkey=ph5b60332368b51,letanacc5,492/232,,0
"난 내가 친거 아니면 안올린다",https://www.pornhub.com/view_video.php?viewkey=ph5d0a184402554,soonharidaaaa,2687/1356,,16
"JACQUIE ET MICHEL TV - ANGÉLIQUE 27 ANS SE SENT POUSSER DES AILES",https://www.pornhub.com/view_video.php?viewkey=ph5f3124d67c689,hhggeea,23/8,,1
"BBC MAKES A SLUT WIFE SCREAM.HIS BIG COCK DESTROYED ME",https://www.pornhub.com/view_video.php?viewkey=ph5f34f4eaa9c26,unknown,9/3,,0
"DUTCH INDONESIAN MALE MODEL FUCKING EXCLUSIVELY IN THE HOTEL",https://www.pornhub.com/view_video.php?viewkey=ph5f329c793939e,alexgordon1197,17/9,,3
"ASIAN TEEN RIDING DICK WITH MULTIPLE ORGASM",https://www.pornhub.com/view_video.php?viewkey=ph5f344905a7f08,monocalmart,44/15,,0
"CUTE JAPANESE/ KOREAN LOOKING GIRL ANUS EXPLORED, BUTT FUCKED AND CREAMPIED",https://www.pornhub.com/view_video.php?viewkey=ph5f21d9761ecac,Tacotuesday103,17/6,,0
"D.VA BEACH REVERSE COWGIRL CREAMPIE BY YEERO (LOOPED, SOUND)",https://www.pornhub.com/view_video.php?viewkey=ph5b5ccccc918af,DickOut4,8142/1466,,32
"[YEERO] CRUISER D.VANAL DRILLING",https://www.pornhub.com/view_video.php?viewkey=ph5b0875587c00e,OverwatchNChill2,3645/464,,16
XXECECEEC,https://www.pornhub.com/view_video.php?viewkey=ph5f361dcd538f5,ohnorthgirl,2/1,,0
"CUCKOLDING KOREAN WIFE",https://www.pornhub.com/view_video.php?viewkey=ph5c69d206d719e,bawswaka,318/77,,3
"GARDEVOIR RULE34 GIFS AND VIDEOS COMPILATION - SHE IS SO SEXY!",https://www.pornhub.com/view_video.php?viewkey=ph5f34fc5c1cf73,UwU_Best,12/2,,0
"SLUT WIFE JESSI K SWALLOWS ON VACATION A YOUNG COCK (I M NASTY MILF,I KNOW THAT..MY HUBBY KNOWS TOO)",https://www.pornhub.com/view_video.php?viewkey=ph5f2ec14caaf8d,XTayJayX,24/5,,5
"KOREAN SEX SCENE 262",https://www.pornhub.com/view_video.php?viewkey=ph5ba8abb39d6c8,letanacc5,459/195,,2
"【天津叶子】CHINESE MISTRESS LEAF 14---REAL GODDESS SEXIEST HIGH HEELS女S如刀高跟马眼凌虐",https://www.pornhub.com/view_video.php?viewkey=ph5de72c55974e8,LeArChGo,263/53,,7
"REAL KOREAN COUPLE ANAL GAPE 아날",https://www.pornhub.com/view_video.php?viewkey=ph5e02e45c54408,"Mr Kim",422/174,,7
"VERONICA FIRST ANAL - CAMSODA",https://www.pornhub.com/view_video.php?viewkey=ph5f22829e91367,footfetishmaster69,33/12,,1
（找漂亮小姐姐约炮：8ZU.CC）麻豆传媒国产AV剧情高考结束老师奖励的礼物,https://www.pornhub.com/view_video.php?viewkey=ph5f1f9a9d6d495,satoageuckqdd,15/9,,1
"KOREAN TEEN MASTURBATE",https://www.pornhub.com/view_video.php?viewkey=ph5f2a82304c9a7,mercytang1018,10/3,,0
"PUBLIC AGENT HOOK UP A YOUNG MARRIED GIRL FOR MONEY AND CREAMPIE HER PUSSY",https://www.pornhub.com/view_video.php?viewkey=ph5ee49ee225977,MariLewdVi,2002/994,,27
"BUSTY STEP MOM IS STUCK IN THE SINK - NIKKI BROOKS",https://www.pornhub.com/view_video.php?viewkey=ph5eecef71f060e,"Luke Longly",1560/619,,19
"BANGBROS - AUDREY BITONI SECRETLY FUCKING THE MOVER BEHIND BOYFRIEND'S BACK",https://www.pornhub.com/view_video.php?viewkey=ph5bb6574a3b5a2,"Bang Bros Network",94523/42784,,280
"AUGUST TAYLOR GETS POUNDED IN THE SHOWER - BRAZZERS",https://www.pornhub.com/view_video.php?viewkey=ph58890fc355395,Brazzers,16277/7150,,38
"FUCK ME HARD INSAN",https://www.pornhub.com/view_video.php?viewkey=ph5f3589a32565f,PINAYANGSARAP,2/0,,0
"한국 (ENGLISH SUBTITLE)오랜만에 후장뚫리는날 처음에 아파 죽을려고 함 PART.1",https://www.pornhub.com/view_video.php?viewkey=ph5e684d88d6bec,"Mr Kim",3205/1522,,72
"SUBMISSIVE SLUT HARD THROATFUCK ASS TO MOUTH PISS SWALLOW CHOCKING FACE SPITTING SLAPPING RIMMING",https://www.pornhub.com/view_video.php?viewkey=ph5f2fe0db28c0b,"Mya Quinn",212/15,,21
"J'AIME ME FAIRE BAISER LE CUL EN CHIENNE SOUMISE",https://www.pornhub.com/view_video.php?viewkey=ph5f351c5875ec8,ClaraExhibe,2/0,,0
"SEXY PANTYHOSE CROSSDRESSER ANAL 2 伪娘 女装 男の娘 人妖 性感连体油亮丝袜肛交2",https://www.pornhub.com/view_video.php?viewkey=ph5f20338fb89fb,itsxiaoai538,9/2,,0
"KOREAN SEX SCENE 372",https://www.pornhub.com/view_video.php?viewkey=ph5e5fd3f29e0fe,letanacc5,613/253,,5
"FUCK GIRL FRIEND AND CUM ON HER CHEST",https://www.pornhub.com/view_video.php?viewkey=ph5f316ede88dc3,NgKay,321/51,,3
"YOUNG MAN PUMPING HIS LOAD INTO MATURE HOT WIFE’S ASS",https://www.pornhub.com/view_video.php?viewkey=ph5f30161d169d0,"Dirty Marie",47/3,,13
"BBC ANAL BY LILBIGD40 ON AFF",https://www.pornhub.com/view_video.php?viewkey=ph5f338cdc8d2dd,lilbigd40,9/1,,0
"QUICK SEX TO MY HORNY BOARD MATE",https://www.pornhub.com/view_video.php?viewkey=ph5f33d4be8d8a0,Kamasutraxxxxme,3/0,,0
"HORNY SEXY GIRLS VOL.4, INSANE PMV",https://www.pornhub.com/view_video.php?viewkey=ph5f343aa0cc3f0,TheBestPlacePMV,21/5,,0
"PAUL RECEIVES DP FROM TWO BBC MOUNSTERS",https://www.pornhub.com/view_video.php?viewkey=ph5f31c59b8862b,Cosharts,42/9,,0
"FAIRYYUKI IS ONE NASTY FREAK FROM SOUTH KOREA 1",https://www.pornhub.com/view_video.php?viewkey=ph5f2f3489ec547,HentaiFINE,2/0,,0
"한국 야동 국산 KOREA 영화 미소녀 마사지사 실제 삽입",https://www.pornhub.com/view_video.php?viewkey=ph5d9600c309f46,ddrpd,806/764,,2
"원나잇 후장 뚫기.1",https://www.pornhub.com/view_video.php?viewkey=ph5ba3b809c6424,nicejobA,254/90,,0
"TINY ASIAN TEEN FIRST TIME ANAL SEX - LIZ LOVEJOY - LIZLOVEJOY.MANYVIDS.COM",https://www.pornhub.com/view_video.php?viewkey=ph5b5021d68bc94,"Liz Lovejoy",240/106,,2
"18 YEAR OLD PAPATOETOE HIGH SCHOOL INDIAN GIRL TAKING IF FOR SOME GREEN IN EXCHANGE",https://www.pornhub.com/view_video.php?viewkey=ph5f31fd2f70911,Talia_dee,13/1,,0
"TIGHT PUSSY BABE MAKES BIG DICK CUM QUICK",https://www.pornhub.com/view_video.php?viewkey=ph5f341bae2f7b2,MadiTeej,3/0,,0
"ONCE UPON A TIME IN ATLANTA..",https://www.pornhub.com/view_video.php?viewkey=ph5f3523ee56a67,Theedickdestroyer,15/4,,3
"KITTEN KAM FIRST TIME ANAL FUCKED HARD",https://www.pornhub.com/view_video.php?viewkey=ph5b6205b67418c,DetroitTwinFlame,380/109,,21
"PUBLIC AGENT HOOK UP A YOUNG MARRIED GIRL FOR MONEY AND CREAMPIE HER PUSSY",https://www.pornhub.com/view_video.php?viewkey=ph5ee49ee225977,MariLewdVi,2002/994,,27
"BUSTY STEP MOM IS STUCK IN THE SINK - NIKKI BROOKS",https://www.pornhub.com/view_video.php?viewkey=ph5eecef71f060e,"Luke Longly",1560/619,,19
"BANGBROS - AUDREY BITONI SECRETLY FUCKING THE MOVER BEHIND BOYFRIEND'S BACK",https://www.pornhub.com/view_video.php?viewkey=ph5bb6574a3b5a2,"Bang Bros Network",94523/42784,,280
"AUGUST TAYLOR GETS POUNDED IN THE SHOWER - BRAZZERS",https://www.pornhub.com/view_video.php?viewkey=ph58890fc355395,Brazzers,16277/7150,,38
"EASY SEX FROM ONLINE HOOKUP HOT TEEN BOUNCING TITS",https://www.pornhub.com/view_video.php?viewkey=ph5ee9f71cb5a8e,mazzie369x,50/11,,1
"KOREAN SEX SCENE 435",https://www.pornhub.com/view_video.php?viewkey=ph5e625cf902468,letanacc5,654/335,,4
"HARD ANAL POUNDING",https://www.pornhub.com/view_video.php?viewkey=ph5f33018cae1f1,"Kink next door",4/1,,1
"깊숙한보지를 너를위해열었다",https://www.pornhub.com/view_video.php?viewkey=ph5d55253fc1565,rjsgml1133,223/84,,0
"SEXXXY MEXXXI WIFE FARTS IN HUSBAND'S FACE! HILARIOUS!!",https://www.pornhub.com/view_video.php?viewkey=ph5f34e82f0dc06,rnl112402,10/1,,0
"국산 야동 KOREA 노팬티녀 당구장 등장!",https://www.pornhub.com/view_video.php?viewkey=ph5d8b876ea4b2a,kakekake2212,574/366,,2
"WHITE HOT WIFE GET FUCKED BY TWO BLACK GUYS.",https://www.pornhub.com/view_video.php?viewkey=ph5f3402a38ed61,DoLandPump,5/2,,0
"J'ENCULE MA PROF ELLE ADORE CA - GROS CUL FRANCAISE MATURE",https://www.pornhub.com/view_video.php?viewkey=ph5f33134486f6f,lecheusedu75,4/2,,0
"KOREAN COUPLE LETS FUCK",https://www.pornhub.com/view_video.php?viewkey=ph5a22cad79d4f2,Unknown,2795/1356,,28
"SHE SQUIRTS AND TAKES A HUGE CUM LOADER ALL OVER HER BODY! SQUIRT!!!",https://www.pornhub.com/view_video.php?viewkey=ph5f0db2fe168fa,zoeybabybbw,6/5,,0
"ANAL ORGASM BY THE WINDOW. BUSTY BABE WITH A DILDO FUCKS ASS DOGGYSTYLE.",https://www.pornhub.com/view_video.php?viewkey=ph5f340450e276e,Porn-go,12/1,,1
"BLACKED VIII COMPILATION PMV BY DIMECUM",https://www.pornhub.com/view_video.php?viewkey=ph5f3398026e292,dimecum42,49/12,,0
VIDEO,https://www.pornhub.com/view_video.php?viewkey=ph5f360e8a18e43,ohnorthgirl,3/0,,0
"KOREAN BJ PUSSY",https://www.pornhub.com/view_video.php?viewkey=ph5dda69c16838b,Unknown,22/12,,0
"JAV PORN ACTRESS GAME SHOW FUCKING A REAL TRIBAL AFRICAN",https://www.pornhub.com/view_video.php?viewkey=ph5eee610956430,babesey369,41/51,,2
"SRI LANKA SINHALA",https://www.pornhub.com/view_video.php?viewkey=ph5f3498be65cfa,StudioMaxio,6/4,,0
"HOT EBONY E-THOT GETS FREAKY FOR ONLYFANS (ONLYFANS @SSPOILEDR0TTEN)",https://www.pornhub.com/view_video.php?viewkey=ph5f35abf364868,sspoiledr0tten,1/1,,3
"OMEGLE GAME - ANNIE PLAYS WITH HER PUSSY AND ASS USING TOYS",https://www.pornhub.com/view_video.php?viewkey=ph5f34a5ff1fe2c,big12dicktommygun,13/2,,1
"KOREAN SEX SCENE 436",https://www.pornhub.com/view_video.php?viewkey=ph5e625cf922df8,letanacc5,386/202,,3
"ATM ASIAN",https://www.pornhub.com/view_video.php?viewkey=ph5c6c1a01ee3bb,Unknown,70/10,,1
"PUBLIC AGENT HOOK UP A YOUNG MARRIED GIRL FOR MONEY AND CREAMPIE HER PUSSY",https://www.pornhub.com/view_video.php?viewkey=ph5ee49ee225977,MariLewdVi,2002/994,,27
"BUSTY STEP MOM IS STUCK IN THE SINK - NIKKI BROOKS",https://www.pornhub.com/view_video.php?viewkey=ph5eecef71f060e,"Luke Longly",1560/619,,19
"BANGBROS - AUDREY BITONI SECRETLY FUCKING THE MOVER BEHIND BOYFRIEND'S BACK",https://www.pornhub.com/view_video.php?viewkey=ph5bb6574a3b5a2,"Bang Bros Network",94523/42784,,280
"AUGUST TAYLOR GETS POUNDED IN THE SHOWER - BRAZZERS",https://www.pornhub.com/view_video.php?viewkey=ph58890fc355395,Brazzers,16277/7150,,38
"ТРАХНУЛ МОЛОДУЮ СУЧКУ В ЛЕСУ",https://www.pornhub.com/view_video.php?viewkey=ph5f35a1ba19114,LoansLiana,2/0,,1
"HOT TINDER FRENCH CHICK SCREAMS ON MY COCK ,SEXY BLONDE AMATEUR",https://www.pornhub.com/view_video.php?viewkey=ph5f34a78729499,dudiaidikna,3/1,,0
"ASIAN TEEN GETTING FUCKED HARD DOGGY STYLE",https://www.pornhub.com/view_video.php?viewkey=ph5a2da0347d638,Bigtitsmif,33/19,,1
"FUCK IN THE BATHROOM",https://www.pornhub.com/view_video.php?viewkey=ph5f33a211dc821,javhardxxx,1/1,,0
"日本 FULL HD BIG ASS ANAL JAPAN JAVHOHO,COM UNCENSORED",https://www.pornhub.com/view_video.php?viewkey=ph5f210d1023116,javhoho380,30/18,,0
"KOREAN GIRLFRIEND ANAL PART 4",https://www.pornhub.com/view_video.php?viewkey=ph5c46203732805,brianbrian89,164/47,,2
"HONG KONG MUSCLE BOY FUCKS WHITE GIRL IN THE ASS WITH HIS THICK ASIAN COCK AMWF",https://www.pornhub.com/view_video.php?viewkey=ph5f355425cfe09,makesmeshoot,14/5,,0
"ANAL STOCKINGS BONDAGE BANGER",https://www.pornhub.com/view_video.php?viewkey=ph5e9a5ca5b8554,"Asian Street Meat",166/60,,2
"HOT GIRL WAKES UP FRIEND TO DO ANAL - FEAT KADAL - PREVIEW",https://www.pornhub.com/view_video.php?viewkey=ph5f35aa6a794e1,"Manuela Sweet",20/3,,2
"ANAL PLUG IN PUBLIC",https://www.pornhub.com/view_video.php?viewkey=ph5b45df52825bd,cloudq7,2302/304,,28
"BEAUTIFUL KOREAN GIRL WEBCAM",https://www.pornhub.com/view_video.php?viewkey=ph5f34ae57ec30c,Sokveasna29,1/2,,0
"LOOSE ANAL COMPILATION",https://www.pornhub.com/view_video.php?viewkey=ph5f351d9d1ef3b,gottalovebuttstuff,4/0,,0
"RUSSIAN BOSS FUCK HIS REAL OFFICE TEEN SECRETARY ON THE TABLE - FULL VERSION ON TELEGRAM: KATFIXE",https://www.pornhub.com/view_video.php?viewkey=ph5f1996912706b,ImOnOne2k18,44/30,,1
"AN AFFAIR TWO SISTERS 2017",https://www.pornhub.com/view_video.php?viewkey=ph5a4f33eb3fb94,Unknown,805/548,,1
"KOREAN SEX SCENE 357",https://www.pornhub.com/view_video.php?viewkey=ph5e5fca5f246ce,letanacc5,396/146,,1
"KOREAN SEX SCENE 414",https://www.pornhub.com/view_video.php?viewkey=ph5e62509540131,letanacc5,516/219,,1
"FISTINGLESSONS MIA SWEET BONUS 2 PT2",https://www.pornhub.com/view_video.php?viewkey=ph5f357b853378b,raphaelrake,6/1,,0
"KOREAN BJ 다니 올노출 자위",https://www.pornhub.com/view_video.php?viewkey=ph5df85a43759ee,Unknown,64/20,,0
"SEXY EBONY GANG BANG AND SUCK ON BBC",https://www.pornhub.com/view_video.php?viewkey=ph5f35619590a60,longdicktv,3/0,,0
"한국야동 국산 KOREA 영화 개이쁜 마사지걸",https://www.pornhub.com/view_video.php?viewkey=ph5d96366c9cecf,koreasexgirl2212,209/107,,1
"PUBLIC AGENT HOOK UP A YOUNG MARRIED GIRL FOR MONEY AND CREAMPIE HER PUSSY",https://www.pornhub.com/view_video.php?viewkey=ph5ee49ee225977,MariLewdVi,2002/994,,27
"BUSTY STEP MOM IS STUCK IN THE SINK - NIKKI BROOKS",https://www.pornhub.com/view_video.php?viewkey=ph5eecef71f060e,"Luke Longly",1561/619,,19
"BANGBROS - AUDREY BITONI SECRETLY FUCKING THE MOVER BEHIND BOYFRIEND'S BACK",https://www.pornhub.com/view_video.php?viewkey=ph5bb6574a3b5a2,"Bang Bros Network",94523/42784,,280
"AUGUST TAYLOR GETS POUNDED IN THE SHOWER - BRAZZERS",https://www.pornhub.com/view_video.php?viewkey=ph58890fc355395,Brazzers,16277/7150,,38
"RICH POWERFUL MEN DONT ENJOY CHEAP ANAL COPULATION",https://www.pornhub.com/view_video.php?viewkey=ph5c281f00a23a2,"Asian Street Meat",376/112,,4
"KOREAN SEX SCENE 234",https://www.pornhub.com/view_video.php?viewkey=ph5b38fd214231c,letanacc5,329/190,,0
"KOREAN SEX SCENE 317",https://www.pornhub.com/view_video.php?viewkey=ph5ddaaa36e47bd,letanacc5,503/216,,1
"HOT GIRL NGỌC HÀ LỘ CLIP MÓC LỒN SƯỚNG TÊ NGƯỜI",https://www.pornhub.com/view_video.php?viewkey=ph5e6832523db2a,TandatVT1997,140/30,,10
"19년 급입수 무삭제 버젼 KOREA MOVIE",https://www.pornhub.com/view_video.php?viewkey=ph5d8096032d555,kakekake2212,267/179,,2
애널커플_KOONG,https://www.pornhub.com/view_video.php?viewkey=ph5d22bb5b699ac,Unknown,66/28,,0
"KOREAN SEX SCENE 394",https://www.pornhub.com/view_video.php?viewkey=ph5e624849d32ce,letanacc5,272/147,,1
"JAV HANDSOME",https://www.pornhub.com/view_video.php?viewkey=ph5eb4b9946b06f,Aun9830_ny,75/16,,1
"한국 야동 국산 야동 KOREA GIRL MISS A SUZY 미스에이 수지",https://www.pornhub.com/view_video.php?viewkey=ph5d987909aba7f,koreasexgirl2212,113/43,,2
"KOREAN SEX SCENE 239",https://www.pornhub.com/view_video.php?viewkey=ph5b6033237e7a1,letanacc5,347/150,,2
"국산 애널1",https://www.pornhub.com/view_video.php?viewkey=ph5c2badc026ae1,Unknown,197/68,,0
"PAID MY BEST FRIEND TO BUGGER MY WIFE",https://www.pornhub.com/view_video.php?viewkey=ph5bda59c471598,"Asian Street Meat",296/72,,0
"KOREAN SISTER FUCKED",https://www.pornhub.com/view_video.php?viewkey=ph59bd346a06764,earnforgirl,342/226,,1
"한국 국산 야동 KOREA TEEN MASSAGE GIRL 입에넣고 박아버리귀",https://www.pornhub.com/view_video.php?viewkey=ph5da576c49a1fd,koreasexgirl2212,325/178,,1
"KOREAN BJ 슈가 올노출",https://www.pornhub.com/view_video.php?viewkey=ph5df22039de2fe,Unknown,509/244,,5
"LIM JI-YEON JO YEO-JEONG OBSESSED SEX SCENES",https://www.pornhub.com/view_video.php?viewkey=ph5e8febd240aaa,Lunalovegood1,62/18,,0
"HOT GIRL ASIAN",https://www.pornhub.com/view_video.php?viewkey=ph5b98ed7940e39,kionibrom,265/185,,1
"KOREAN SEX SCENE 293",https://www.pornhub.com/view_video.php?viewkey=ph5d239ace3eef3,letanacc5,190/79,,1
"ASIAN MEETS BLACK MONSTER COCK",https://www.pornhub.com/view_video.php?viewkey=ph5b1a12f798504,nurunto,33/35,,1
"KOREAN SEX SCENE 248",https://www.pornhub.com/view_video.php?viewkey=ph5b6035e62f5dc,letanacc5,294/165,,1
"BELLESA - BUBBLE BUTT ELIZA IBARRA MAKES LOVE IN THE SHOWER",https://www.pornhub.com/view_video.php?viewkey=ph5e30357ce7efc,"Bellesa Films",1415/387,,16
"BEST HANDJOB OF YEAR - STEP SISTER LOVES BIG HARD DICK IN HER HANDS",https://www.pornhub.com/view_video.php?viewkey=ph5c2f4edf69d36,"Kristal Ass",11612/2879,,481
"HIGH SCHOOL TEEN'S FIRST DILDO",https://www.pornhub.com/view_video.php?viewkey=ph5e9cc533c1971,MoxieFilms,532/77,,5
"INTENSE ORGASM WITH VIBRATOR",https://www.pornhub.com/view_video.php?viewkey=ph5eb46df04a1a3,"Kourtney Rae",258/20,,6
"SISTER BLOWING CRAZY COCK - EM NGHIEN THOI KEN",https://www.pornhub.com/view_video.php?viewkey=ph5f18f6db1c820,VNBaBie,12/1,,0
"KOREAN SEX SCENE 385",https://www.pornhub.com/view_video.php?viewkey=ph5e5fdcd2577af,letanacc5,242/107,,2
"AMATEUR HOMEMADE PINAY TEEN SOSEX",https://www.pornhub.com/view_video.php?viewkey=ph5f0436fa9887f,monkeybee69,139/45,,15
"KOREAN SEX SCENE 424",https://www.pornhub.com/view_video.php?viewkey=ph5e6253eb253bc,letanacc5,291/90,,0
"WATCH HOW I FUCK ANAL LOVING ASIAN TEEN AMATEUR HOMEMADE VIDEO",https://www.pornhub.com/view_video.php?viewkey=ph56db0130075af,amandaforfun,723/291,,2
"KOREAN WEBCAM - 한국 국산 야동 우와 졸라귀엽당 - KOREAN TEEN 빨 야플티비 한국야동 귀요미",https://www.pornhub.com/view_video.php?viewkey=ph5e2d639e2e09b,koreasexgirl2212,395/165,,6
"BLACK COCK",https://www.pornhub.com/view_video.php?viewkey=ph5f05788194d7e,Gabriel8411,41/6,,0
"KOREAN SEX SCENE 287",https://www.pornhub.com/view_video.php?viewkey=ph5cd38b0e356b1,letanacc5,310/134,,1
"OVERWATCH SFM",https://www.pornhub.com/view_video.php?viewkey=ph5dba17ed48bf1,Unknown,19/2,,0
"RED VELVET JOY VIOLENT DOUBLE ANAL FUCK",https://www.pornhub.com/view_video.php?viewkey=ph5c32379f4599a,Unknown,323/144,,4
"KOREAN SEX SCENE 295",https://www.pornhub.com/view_video.php?viewkey=ph5d239d6aaa6d6,letanacc5,268/169,,0
"日本 FULL HD ANAL JAPAN AND SWAG JAVHOHO,COM UNCENSORED 91",https://www.pornhub.com/view_video.php?viewkey=ph5f22da4c8d9f5,DFFE243,5/8,,0
"KOREAN SEX SCENE 247",https://www.pornhub.com/view_video.php?viewkey=ph5b6035e61036b,letanacc5,257/146,,0
"KOREAN SEX SCENE 251",https://www.pornhub.com/view_video.php?viewkey=ph5b60389e6f3c8,letanacc5,225/73,,1
"WOOW ANAL, TRIO ORGASMICO PORNO.",https://www.pornhub.com/view_video.php?viewkey=ph5f1938faccaef,CarlosSm593,7/5,,1
"먹고살기 힘들어서 몸판다는 여자",https://www.pornhub.com/view_video.php?viewkey=ph5dd2549b62bbf,pyojihun700,52/88,,0
"한국 야동 오빠 존나 맛있어",https://www.pornhub.com/view_video.php?viewkey=ph5e0d009957c8b,wooriparkcom,1122/1310,,21
"한국 국산 야동 KOREAN TEEN MASSAGE GIRL 질싸",https://www.pornhub.com/view_video.php?viewkey=ph5da28868750a5,kakekake2212,564/205,,4
"D.VA ANAL WITH A DILDO MACHINE BY FPSBLYCK (LOOPED)",https://www.pornhub.com/view_video.php?viewkey=ph5b0769c94b7e6,DickOut4,1019/150,,6
"SONG JI-HYO SEX SCENE A FROZEN FLOWER (MUSIC REDUCED)",https://www.pornhub.com/view_video.php?viewkey=ph5df46466a8d90,Lunalovegood1,155/45,,0
"BELLESA - BUBBLE BUTT ELIZA IBARRA MAKES LOVE IN THE SHOWER",https://www.pornhub.com/view_video.php?viewkey=ph5e30357ce7efc,"Bellesa Films",1415/387,,16
"BEST HANDJOB OF YEAR - STEP SISTER LOVES BIG HARD DICK IN HER HANDS",https://www.pornhub.com/view_video.php?viewkey=ph5c2f4edf69d36,"Kristal Ass",11614/2880,,481
"HIGH SCHOOL TEEN'S FIRST DILDO",https://www.pornhub.com/view_video.php?viewkey=ph5e9cc533c1971,MoxieFilms,532/77,,5
"INTENSE ORGASM WITH VIBRATOR",https://www.pornhub.com/view_video.php?viewkey=ph5eb46df04a1a3,"Kourtney Rae",258/20,,6
"PART 1 CUTE CHINESE GIRL GOT FUCKED ลูกครึ่งจีนสวยน่ารักโดนเย็ด - KOROS12",https://www.pornhub.com/view_video.php?viewkey=ph5f194e5f043de,koros12,69/20,,0
"KOREAN FEMDOM PROSTATE MASSAGE WITH LATEX GLOVE",https://www.pornhub.com/view_video.php?viewkey=ph5df5e8a49a187,FemdomGloveLove,69/21,,0
"[한국]KOREA 국산야동 미모의 여자친구 간호사 코스프레",https://www.pornhub.com/view_video.php?viewkey=ph5d8e197cc53c0,ddrpd,39/36,,1
洗干净好肛交,https://www.pornhub.com/view_video.php?viewkey=ph5eaaf571d4036,yonghaoluo,21/4,,1
"SODOMIZED SLUT FIRST PRIZE ON LOTTERY",https://www.pornhub.com/view_video.php?viewkey=ph5b1b2bdfbadf4,"Asian Street Meat",446/161,,1
"ASIAN CHICK KELLY WITH GORGEOUS BODY FUCKS A YOUNG ASS",https://www.pornhub.com/view_video.php?viewkey=ph5b33d3cde3229,KismetKelly3x,133/17,,6
"KOREAN SEX SCENE 431",https://www.pornhub.com/view_video.php?viewkey=ph5e625861e1873,letanacc5,314/142,,1
"BUSTY KOREAN 18YO TEEN WITH PINK TITS AND PUSSY (MUST WATCH)",https://www.pornhub.com/view_video.php?viewkey=ph596471470e693,Unknown,174/28,,1
"THAI GIRL VAVA",https://www.pornhub.com/view_video.php?viewkey=ph5e0defb948500,Tncscandal,950/345,,2
"한국 국산 수지 (SUJI) 급 입수",https://www.pornhub.com/view_video.php?viewkey=ph5e281c49848bd,ddrpd,80/51,,1
"한국 야동 국산 야동 KOREA TEEN 존예 미소녀의 간호사 코스프레 한글자막",https://www.pornhub.com/view_video.php?viewkey=ph5d97ffdf5c844,kakekake2212,62/51,,1
"ONE TWO THREE FOUR FINGERS",https://www.pornhub.com/view_video.php?viewkey=ph59b73bb0f2b99,MyHotLive,94/20,,0
"KBJ 슈가 언니 초콜릿 똥꼬녀 올노출",https://www.pornhub.com/view_video.php?viewkey=ph5e000e093dcb8,Unknown,77/45,,0
"ASIAN MILF RIDES A HUGE DONG",https://www.pornhub.com/view_video.php?viewkey=ph5f283a4a4444f,nn2jqmvFRA,3/0,,0
"SWEDISH DOGGY",https://www.pornhub.com/view_video.php?viewkey=ph5ea4c866049b9,svensk78,30/9,,0
"(ENGLISH SUBTITLE INCLUDED) 色情片 생리중에 보지 쑤셔달라는 여친, 얘한테 섹스못하는 날은 없다, 지친다..ㅠ",https://www.pornhub.com/view_video.php?viewkey=ph5e7b48cd00b8d,"Mr Kim",691/431,,57
"보지 항문 삽입 KOREA TEEN",https://www.pornhub.com/view_video.php?viewkey=ph5c94270e1012a,unknown,110/32,,1
"HOT STEP SISTER FUCK BY BROTHER | KOREAN HOT VIDEO",https://www.pornhub.com/view_video.php?viewkey=ph5ea3f9d315f45,Angphu,361/162,,3
"SHANGHAI MODEL PINK NIPPLES OUTDOOR ROOFTOP ANAL MASTURBATING 04",https://www.pornhub.com/view_video.php?viewkey=ph5db33ab4f2182,Spoon6769,40/15,,0
"BIG BLACK DICK INTO ASIAN",https://www.pornhub.com/view_video.php?viewkey=ph5dd8d5d7a93b9,FrannVA,86/28,,0
"BELLESA - BUBBLE BUTT ELIZA IBARRA MAKES LOVE IN THE SHOWER",https://www.pornhub.com/view_video.php?viewkey=ph5e30357ce7efc,"Bellesa Films",1415/387,,16
"BEST HANDJOB OF YEAR - STEP SISTER LOVES BIG HARD DICK IN HER HANDS",https://www.pornhub.com/view_video.php?viewkey=ph5c2f4edf69d36,"Kristal Ass",11614/2881,,481
"HIGH SCHOOL TEEN'S FIRST DILDO",https://www.pornhub.com/view_video.php?viewkey=ph5e9cc533c1971,MoxieFilms,532/77,,5
"INTENSE ORGASM WITH VIBRATOR",https://www.pornhub.com/view_video.php?viewkey=ph5eb46df04a1a3,"Kourtney Rae",258/20,,6
"LEAGUE OF LEGENDS PMV - K/DA - POP/STARS (FT. AKALI & AHRI)",https://www.pornhub.com/view_video.php?viewkey=ph5da366425176b,jjulez,1501/208,,16
"FISHNET NIPPLE SUIT GETS IT UP THE BOTTY BACK DOOR",https://www.pornhub.com/view_video.php?viewkey=ph5bf21655aea91,"Asian Street Meat",346/90,,0
"SHIGARAKI X TOGA | GREATM8",https://www.pornhub.com/view_video.php?viewkey=ph5e3b53d344ee6,screeeeeechhhhhh,371/44,,2
"TIGHT ASS KOREAN TAKES ANAL!",https://www.pornhub.com/view_video.php?viewkey=ph5d2bf1ce986e7,Unknown,52/9,,0
"STEP AUNT'S TEMPTATION 2018 - 이모의 유혹 2018",https://www.pornhub.com/view_video.php?viewkey=ph5b89dc0cd73ec,"Dung Nguyen",868/546,,2
"KK내가 볼려고 올리는 한국유학남,러시아녀ㅋㅋㅋ",https://www.pornhub.com/view_video.php?viewkey=ph5b70f490f1f10,jhekkk,129/107,,1
"REMOVING MY GIRLFRIENDS ANAL VIBRATOR",https://www.pornhub.com/view_video.php?viewkey=ph5a8235f0e8795,wombraider23,34/10,,2
"KOREAN GIRLFRIEND RIDDING CUM - WATCH MORE ON ADULTSMARTLINKS.ORG",https://www.pornhub.com/view_video.php?viewkey=ph5a689667c06f7,SophieIngram,129/51,,0
"OVERWATCH - CRUISER D.VA ANAL FROM BLACK COCK",https://www.pornhub.com/view_video.php?viewkey=ph5993579a3a583,Zarya_Main,385/54,,1
"한국 국산 야동 KOREAN TEEN GIRL MASSAGE 19년도 화제의 그 영상",https://www.pornhub.com/view_video.php?viewkey=ph5d9aa0b84816e,kakekake2212,122/63,,0
"HANA SONG (D.VA) GOT STUCK AND FUCK BY A NERD HAS SOUND BY METSSFM VER.02",https://www.pornhub.com/view_video.php?viewkey=ph5ca9b45af2a2e,Mrlee09,51/9,,0
"국산 한국 야동 조폭의 여자친구 대화내용 참신하다 ㅋㅋ",https://www.pornhub.com/view_video.php?viewkey=ph5d88990cbf6f9,kakekake2212,355/254,,19
"GERMAN ANAL IN SUPERMARKET",https://www.pornhub.com/view_video.php?viewkey=ph5f2fa24729925,BCfHK9w8RG,7/3,,0
"D.VA CLIPS & MOVIES [COMPLETE AUDIO] OVERWATCH COLLECTION 2016-2017",https://www.pornhub.com/view_video.php?viewkey=ph5a456da0258be,jdpatch,1231/403,,7
"HOT ASIAN FUCK BREAST SULLI ANAL",https://www.pornhub.com/view_video.php?viewkey=ph59558fc62f706,kuloshuh,49/29,,3
"HUGE ANAL CREAMPIE FLOW OUT",https://www.pornhub.com/view_video.php?viewkey=ph5f2a63e3deffa,Squadcumming,6/2,,0
"ANAL PETITE GIRL, AFTER SCHOOL, I LOVE TIGHT ASSHOLE",https://www.pornhub.com/view_video.php?viewkey=ph59083483f035a,milspider,111/15,,3
"KOREAN SEX SCENE 294",https://www.pornhub.com/view_video.php?viewkey=ph5d239ace4fb71,letanacc5,655/353,,0
"KK내가볼라고 올리는 한국 포르노",https://www.pornhub.com/view_video.php?viewkey=ph5b70f4f30b5d5,jhekkk,614/725,,3
"DVA ANAL RIDING BY YEERO (LOOPED)",https://www.pornhub.com/view_video.php?viewkey=ph5af691d2dea76,DickOut4,268/54,,1
"PUBLIC AGENT HOOK UP A YOUNG MARRIED GIRL FOR MONEY AND CREAMPIE HER PUSSY",https://www.pornhub.com/view_video.php?viewkey=ph5ee49ee225977,MariLewdVi,2002/994,,27
"BUSTY STEP MOM IS STUCK IN THE SINK - NIKKI BROOKS",https://www.pornhub.com/view_video.php?viewkey=ph5eecef71f060e,"Luke Longly",1561/620,,19
"MINA ASHIDO HANDJOBS KIRISHIMA IN CLASS",https://www.pornhub.com/view_video.php?viewkey=ph5e870422f142a,OjiroMashirao,1708/170,,38
"REDHEAD WITH PIERCED NIPS TIGHT ASSHOLE PLAYING WITH HUGE BUTT PLUG",https://www.pornhub.com/view_video.php?viewkey=ph5e9f793c62acb,"Aria Carson",83/7,,2
"국산 일명 흑자지 토이 원하는 여친 아날뚫다가 똥물같은거 나오는데::",https://www.pornhub.com/view_video.php?viewkey=ph5e9c14fc87932,"Mr Kim",770/405,,37
"THAILAND SEX 01",https://www.pornhub.com/view_video.php?viewkey=ph5bd8a49b38bc0,sex1661,300/89,,2
"KOREAN SEX SCENE 359",https://www.pornhub.com/view_video.php?viewkey=ph5e5fca5f25cd9,letanacc5,162/86,,1
"SEXY DANCE",https://www.pornhub.com/view_video.php?viewkey=ph5bf3874c7f09c,aungxm,186/25,,3
"ANAL SCHOOL TEACHER IN PANTYHOSE",https://www.pornhub.com/view_video.php?viewkey=ph5c32aa007d5eb,"Asian Street Meat",283/49,,1
"한국 국산 야동 KOREAN TEEN 20살 미소녀 19년 레전드 영상",https://www.pornhub.com/view_video.php?viewkey=ph5dba4265ba872,ddrpd,150/98,,1
"KOREAN GIRL MASTERBATION",https://www.pornhub.com/view_video.php?viewkey=ph5e0d3e69edc0c,Tncscandal,187/51,,1
"KPOP PORN MUSIC VIDEO (4) (W/O SUBTITLES)",https://www.pornhub.com/view_video.php?viewkey=ph57a3a041a8975,oreversal,1219/206,,15
"MEAT HOOK UP HER PRETTY BOTTOM",https://www.pornhub.com/view_video.php?viewkey=ph5cbea7270d8d5,"Asian Street Meat",230/52,,0
"ANAL RIDING IN FOREST, FREE PORNGAME!",https://www.pornhub.com/view_video.php?viewkey=ph5abd4f2a72381,mannittobba,85/39,,0
"KOREAN SOLO YEOJAS COMPILATION 01",https://www.pornhub.com/view_video.php?viewkey=ph5e0d22aa2ad8e,cixboy,93/50,,0
"AVERAGE CONSERVATIVE SLAPPER",https://www.pornhub.com/view_video.php?viewkey=ph5ccce0f28cb3c,"Asian Street Meat",257/65,,2
"TIA LING THE BUSTY ASIAN COCK TESTER",https://www.pornhub.com/view_video.php?viewkey=549093445,Unknown,2815/472,,19
"KOREAN SEX SCENE 366",https://www.pornhub.com/view_video.php?viewkey=ph5e5fce9d7b375,letanacc5,105/55,,1
"KOREAN SEX SCENE 245",https://www.pornhub.com/view_video.php?viewkey=ph5b6035e566024,letanacc5,43/17,,0
"KIM KOREAN GIRL-CASTING",https://www.pornhub.com/view_video.php?viewkey=ph5d13c229eb84a,thenightknight91,34/15,,1
"KOREAN TOILET 62",https://www.pornhub.com/view_video.php?viewkey=ph595ba60419e5d,unknown,34/16,,0
"ACADEMY D.VA DISCIPLINED BY YEERO (SOUND, LOOPED)",https://www.pornhub.com/view_video.php?viewkey=ph5d8d6a4b475ab,DickOut4,516/50,,3
"WOMAN WATCHES HIM FUCK ANOTHER GIRL (KOREAN MOVIE)",https://www.pornhub.com/view_video.php?viewkey=ph5c2c21c5e7f1f,minahh,44/12,,0
"ASS ASS ASS",https://www.pornhub.com/view_video.php?viewkey=ph5bf181143c64f,"Anastasia Gray",423/59,,15
"PUBLIC AGENT HOOK UP A YOUNG MARRIED GIRL FOR MONEY AND CREAMPIE HER PUSSY",https://www.pornhub.com/view_video.php?viewkey=ph5ee49ee225977,MariLewdVi,2002/994,,27
"BUSTY STEP MOM IS STUCK IN THE SINK - NIKKI BROOKS",https://www.pornhub.com/view_video.php?viewkey=ph5eecef71f060e,"Luke Longly",1561/620,,19
"MINA ASHIDO HANDJOBS KIRISHIMA IN CLASS",https://www.pornhub.com/view_video.php?viewkey=ph5e870422f142a,OjiroMashirao,1708/170,,38
"REDHEAD WITH PIERCED NIPS TIGHT ASSHOLE PLAYING WITH HUGE BUTT PLUG",https://www.pornhub.com/view_video.php?viewkey=ph5e9f793c62acb,"Aria Carson",83/7,,2
"KOREAN TOILET 89",https://www.pornhub.com/view_video.php?viewkey=ph5957c4c90c4f0,unknown,32/10,,0
"한국 야동 투SHOT은 기본옵션인 내여자친구",https://www.pornhub.com/view_video.php?viewkey=ph5e11542433148,wooriparkcom,165/125,,0
"FUCKING MY KOREAN SISTER HENTAI MANGA",https://www.pornhub.com/view_video.php?viewkey=ph5ee12973117aa,noname_249,19/4,,0
"한국 야동 섹시글래머란 이런여자",https://www.pornhub.com/view_video.php?viewkey=ph5e1153878eb2e,wooriparkcom,96/124,,2
"CÓ CU THẬT ĐỂ NHÚN THÌ PHÊ",https://www.pornhub.com/view_video.php?viewkey=ph5f22b518ee5b0,LinhBee,5/1,,3
"나이트에서 만난 색기넘치는 줌마와 원나잇1",https://www.pornhub.com/view_video.php?viewkey=ph5c09d5b01ff16,agdsg,60/95,,0
"OVOREWATCH ROUND 2 (FARTS AND ANAL VORE)",https://www.pornhub.com/view_video.php?viewkey=ph5ef76497b32b7,hotpocketshogun,71/5,,1
"CRUISER D.VA GETS ANALLY REAMED BY YEERO (LOOPED)",https://www.pornhub.com/view_video.php?viewkey=ph5b05d68f78a74,DickOut4,91/7,,0
SECUESTRO,https://www.pornhub.com/view_video.php?viewkey=ph5f0ba2c6aa393,williamsf19,18/12,,0
"KOREAN SEX SCENE 285",https://www.pornhub.com/view_video.php?viewkey=ph5cd38b0df0d06,letanacc5,447/188,,1
"TINA LEE HARD SF ANAL BBC",https://www.pornhub.com/view_video.php?viewkey=734689309,Unknown,735/111,,1
"한국 야동 자고 있는 여동생",https://www.pornhub.com/view_video.php?viewkey=ph5e0d017e07338,wooriparkcom,415/336,,1
"MIAKOREA CHATURBATE YOUR CAM LIAR BITCH 20190426",https://www.pornhub.com/view_video.php?viewkey=ph5cc45b9bc8a48,Camgirkiller1978,21/1,,0
"한국야동-성신여대 유명한 개걸레 이수경1[SORA58]",https://www.pornhub.com/view_video.php?viewkey=ph5c5d479b6d6c2,koreaggangster,112/119,,0
"KOREAN TOILET 86",https://www.pornhub.com/view_video.php?viewkey=ph5957c5169385a,unknown,34/23,,0
"EROTING TUTORING (2016) PARK JOO-BIN OFFICE SEX",https://www.pornhub.com/view_video.php?viewkey=ph5e85592128a34,Unknown,54/31,,0
"CHINESE TEEN ANAL",https://www.pornhub.com/view_video.php?viewkey=ph561a2f027f805,Junecroso,95/42,,0
"CUTE KOREAN IS ON WEBCAM",https://www.pornhub.com/view_video.php?viewkey=ph5d31a05ee0c93,xray0666,29/11,,3
"한국 야동 국산 야동 KOREAN TEEN MASSAGE GIRL 질내사정 질싸",https://www.pornhub.com/view_video.php?viewkey=ph5da2b021a731b,ddrpd,43/46,,0
"TEEN BIG BLACK COCK ANAL AND PETITE EBONY BIG WHITE DICK MAN MILK,",https://www.pornhub.com/view_video.php?viewkey=ph587546c0a5e8b,unknown,62/26,,0
"PUBLIC AGENT HOOK UP A YOUNG MARRIED GIRL FOR MONEY AND CREAMPIE HER PUSSY",https://www.pornhub.com/view_video.php?viewkey=ph5ee49ee225977,MariLewdVi,2002/994,,28
"BUSTY STEP MOM IS STUCK IN THE SINK - NIKKI BROOKS",https://www.pornhub.com/view_video.php?viewkey=ph5eecef71f060e,"Luke Longly",1561/620,,19
"MINA ASHIDO HANDJOBS KIRISHIMA IN CLASS",https://www.pornhub.com/view_video.php?viewkey=ph5e870422f142a,OjiroMashirao,1708/170,,38
"REDHEAD WITH PIERCED NIPS TIGHT ASSHOLE PLAYING WITH HUGE BUTT PLUG",https://www.pornhub.com/view_video.php?viewkey=ph5e9f793c62acb,"Aria Carson",83/7,,2
"JUNKRAT FUCKS DVA IN THE ASS",https://www.pornhub.com/view_video.php?viewkey=ph5a3b85ebbff35,Unknown,148/67,,1
"FIRST ANAL",https://www.pornhub.com/view_video.php?viewkey=ph5d4c558ef0cae,yeonji97,76/6,,4
"KOREAN TOILET 96",https://www.pornhub.com/view_video.php?viewkey=ph5957c4533c3a4,unknown,19/8,,0
"KOREAN CUTE SHOW CAM",https://www.pornhub.com/view_video.php?viewkey=ph5e50fbdb0c5ff,ChuaChua11,16/3,,1
"BEAUTIFUL ASS SHORT SKIRT RIDES A DILDO",https://www.pornhub.com/view_video.php?viewkey=ph5dd6dc3ab0ed2,ElevatorDeath1604,1045/244,,10
"SUPER HOT ASIAN DREAM KOREAN SEXY TEEN FUCKING HARDCORE.",https://www.pornhub.com/view_video.php?viewkey=ph5f3076643b851,youeni728,5/0,,1
"D.VA ANAL OVERWATCH (BLENDER ANIMATION W/SOUND)",https://www.pornhub.com/view_video.php?viewkey=ph5bf36d68222f5,NSFWMercy,225/26,,3
"ASIAN PORNSTAR KITTY YUNG GETS DEEP ANAL FROM SEAN MICHAELS",https://www.pornhub.com/view_video.php?viewkey=20231440,aznlove,436/120,,6
"R6 SIEGE DOKKAEBI ANAL CREAMPIE",https://www.pornhub.com/view_video.php?viewkey=ph5d62d5febfa40,BigladbradIQ,248/57,,6
"NAMILOU 3-17-19",https://www.pornhub.com/view_video.php?viewkey=ph5c8f352ad7ed0,BradLenning,34/6,,0
"영화 순수의시대 강한나 베드신 하이라이트 KOREAN FC2",https://www.pornhub.com/view_video.php?viewkey=ph5cdfe2085f8c7,HazelLily,221/176,,0
"ANAL IEC CREAM",https://www.pornhub.com/view_video.php?viewkey=ph5aa5c964b8173,kor-mina,23/3,,3
"CHECK EM HANG TAI HA NOI",https://www.pornhub.com/view_video.php?viewkey=ph5c3743a6bb67c,vietnamvideos,48/21,,1
"RAINBOW SIX SIEGE 2020 COMPILATION WITCH SOUND",https://www.pornhub.com/view_video.php?viewkey=ph5eec13030507e,Cuteness62,169/32,,10
"BÁC SỸ NGOẠI TÌNH VỚI Y TÁ CÙNG CHỖ LÀM- DOCTOR AND NURSE",https://www.pornhub.com/view_video.php?viewkey=ph5aec94a9998fc,NDN2511,165/115,,0
"브베 & 오닉스 게이하우스 커플댄스",https://www.pornhub.com/view_video.php?viewkey=ph5ee9951668668,asdf01566,92/93,,4
"LUCY LEE LOVES ASS 2 MOUTH",https://www.pornhub.com/view_video.php?viewkey=659625625,Unknown,163/32,,1
"HER TIGHT LITTLE ASS COULDN'T TAKE TWO FINGERS",https://www.pornhub.com/view_video.php?viewkey=ph5ded43aa3233f,Poseybruh,468/71,,8
"EXTREME ANAL DILDO",https://www.pornhub.com/view_video.php?viewkey=ph5cfcae193563a,kor-mina,100/26,,2
"Y OLD MAN AND GIRL FUCK OLD WOMEN XXX A HIGHLY THOROUGH ONE, AMERICAN",https://www.pornhub.com/view_video.php?viewkey=ph5e73be35a6a6c,Lisaw91i2w2,6572/99,,9
"MY BF FUCKS MY ASS HOLE WHILE MY LITTLE SISTER RESTS NEXT TO US",https://www.pornhub.com/view_video.php?viewkey=ph5f265b850deab,Madeincanarias,10079/3646,,190
"PUBLIC AGENT HOOK UP A YOUNG MARRIED GIRL FOR MONEY AND CREAMPIE HER PUSSY",https://www.pornhub.com/view_video.php?viewkey=ph5ee49ee225977,MariLewdVi,2002/994,,28
"MIKAMI YUYA HD UNCENSORED OFJE-189B",https://www.pornhub.com/view_video.php?viewkey=ph5e11f21f45e9e,Unknown,776/534,,3
"岬ななみNANAMI MISAKI-IPX-418",https://www.pornhub.com/view_video.php?viewkey=ph5ebf2f357d193,Unknown,45/10,,0
"FNAF SEX COMIKS",https://www.pornhub.com/view_video.php?viewkey=ph5f20da82ac5d7,TeenMocny,20/6,,0
"ANAL DEEP MONSTER DILDO IN EGG",https://www.pornhub.com/view_video.php?viewkey=ph5c317f271dcbb,kor-mina,97/28,,5
"KOREAN SEX SCENE 324",https://www.pornhub.com/view_video.php?viewkey=ph5ddaaca750037,letanacc5,131/68,,0
"HD - FANTASY HD SEXY ASIAN JAYDEN LEE GIVES SENSUAL OIL MASSAGE",https://www.pornhub.com/view_video.php?viewkey=968815611,"Fantasy HD",702/224,,5
"한국 야동 원정녀는 사랑이죠",https://www.pornhub.com/view_video.php?viewkey=ph5e0d0122b6767,wooriparkcom,126/92,,2
"ALL THINGS D.VA (HMV/PMV) (REWORKED VERSION)",https://www.pornhub.com/view_video.php?viewkey=ph5c170f56708f6,payuriziu1,107/22,,6
"BEAUTIFUL TAI WHORE ANAL PORN",https://www.pornhub.com/view_video.php?viewkey=ph5e4ff149dca36,Boyukah,72/57,,1
"HENTAI SEX 야동",https://www.pornhub.com/view_video.php?viewkey=ph58f3702c56fd6,tjddns1533,63/24,,0
"HENTAI PORN UNCENSORED",https://www.pornhub.com/view_video.php?viewkey=ph5c1fe9f846b96,sergio4K,239/77,,1
"HARD ANAL FUCK IN ADULT 3D GAME",https://www.pornhub.com/view_video.php?viewkey=ph5a99186b76117,xxxgames_trewt,28/13,,1
"KOREAN PORN",https://www.pornhub.com/view_video.php?viewkey=ph5a79dc7031df8,Unknown,43/39,,1
"ANAL UNTIL SHE COULDN’T CUM ANYMORE",https://www.pornhub.com/view_video.php?viewkey=ph5f1e444a3eaa7,SirBashin,28/1,,2
"ASIAN ANAL SEX TAPE",https://www.pornhub.com/view_video.php?viewkey=1824368758,Unknown,253/80,,0
"KOREAN AMATEUR VIDEO 005 - BJSPLUS",https://www.pornhub.com/view_video.php?viewkey=ph5ec7a27e3a05e,Unknown,104/27,,0
"BOLD SHAVED ASIAN STREET MEAT",https://www.pornhub.com/view_video.php?viewkey=ph59c81206e0b70,Unknown,113/72,,0
"3D HENTAI POV ULTIMATE SFM MONSTER PORN COMPILATION",https://www.pornhub.com/view_video.php?viewkey=ph5de2865352e94,mawarnesslanthsour,119/51,,0
"美女喜欢后入，把屁股撅的很高，一插就到底，高颜值！极品SWAG 国产内射 实验校服 陈慧 COSPLAY 米妮大萌萌 CHINESE MODEL",https://www.pornhub.com/view_video.php?viewkey=ph5e594a8940479,thathelvhr,32/9,,1
"FOXY LUCY LEE DEEP HARD ASS POUNDING",https://www.pornhub.com/view_video.php?viewkey=e086b5b3f65024010936,Unknown,577/110,,4
"HOMEMADE ARAB WIFE ANAL AND LEBANON ARABIC AND ARAB GIRL WITH PIG TAILS",https://www.pornhub.com/view_video.php?viewkey=ph589df21ed2d16,unknown,280/133,,0
"CUTE CHINESE TEEN DANCING ON WEBCAM - MEGASPUST.PL",https://www.pornhub.com/view_video.php?viewkey=ph5c4794294eba0,Zovi9001,17/6,,0
"MY BF FUCKS MY ASS HOLE WHILE MY LITTLE SISTER RESTS NEXT TO US",https://www.pornhub.com/view_video.php?viewkey=ph5f265b850deab,Madeincanarias,10080/3646,,190
"PUBLIC AGENT HOOK UP A YOUNG MARRIED GIRL FOR MONEY AND CREAMPIE HER PUSSY",https://www.pornhub.com/view_video.php?viewkey=ph5ee49ee225977,MariLewdVi,2002/994,,28
"MIKAMI YUYA HD UNCENSORED OFJE-189B",https://www.pornhub.com/view_video.php?viewkey=ph5e11f21f45e9e,Unknown,776/534,,3
"岬ななみNANAMI MISAKI-IPX-418",https://www.pornhub.com/view_video.php?viewkey=ph5ebf2f357d193,Unknown,45/10,,0
"GORGEOUS ANAL SEX WITH MARCELIN ABADIR",https://www.pornhub.com/view_video.php?viewkey=ph5c78462361a2f,"Marcelin Abadir",68001/28792,,484
"HALEY & LUCY SHARE AN ASS FUCKING COCK!!!",https://www.pornhub.com/view_video.php?viewkey=44c7bd7f1915d726b636,Unknown,405/65,,1
"OVERWATCH - D.VA SEX ANAL WITH SOUND (CREATOR: FPSBLYCK)",https://www.pornhub.com/view_video.php?viewkey=ph5a84cab9e0ee2,shhcm,151/42,,0
"KOREA R RATE MOVIE",https://www.pornhub.com/view_video.php?viewkey=ph5a950d363ab4e,Unknown,89/56,,0
"한국 야동 오빠 힘 좀 써봐",https://www.pornhub.com/view_video.php?viewkey=ph5e0d00cf28d03,wooriparkcom,48/39,,0
"3D MONSTER HENTAI HARDCORE DREAMS'S PT.2",https://www.pornhub.com/view_video.php?viewkey=ph5da5721c08d02,Jenaro05480,116/34,,0
"D.VA ANAL POV [WITH SOUND]",https://www.pornhub.com/view_video.php?viewkey=ph59a06cbf570a4,balbird,48/6,,0
"HOT ASIAN TEEN GIRL HAS A GREAT ORGASM | CHATURBATE EXPERIENCE 2#",https://www.pornhub.com/view_video.php?viewkey=ph5abbcee46a18c,SexyLinkBoy,27/7,,0
"한국 야동 자는 여친 지맘데로 박고 조낸 조아라해",https://www.pornhub.com/view_video.php?viewkey=ph5e0d01c02b299,wooriparkcom,30/17,,0
"ANAL 4SOME WITH EMO GIRL FRENCH SLUTRUSSIAN BEAUTY - PROXY PAIGE TIFFANY DO",https://www.pornhub.com/view_video.php?viewkey=ph5c37d2dc495f7,Unknown,25/3,,0
"JUST D.VA HENTAI",https://www.pornhub.com/view_video.php?viewkey=ph59a8c2913c1d8,HighBunny,29/15,,0
"SEXY DVA GETTING FUCKED IN THE CLUB",https://www.pornhub.com/view_video.php?viewkey=ph5de3302267c12,VG3D,109/9,,1
"한국 야동 자는년 겁탈",https://www.pornhub.com/view_video.php?viewkey=ph5e0d020154489,wooriparkcom,68/50,,0
"FLAWLESS COCK SUCKER",https://www.pornhub.com/view_video.php?viewkey=1702365916,Unknown,296/44,,3
"GORGEOUS GIRL FUCK AND CREAMPIE BIG DICK - FULL VERSION ON TELEGRAM: GIAFOXY",https://www.pornhub.com/view_video.php?viewkey=ph5f1adf445267e,bigblackboy69,1/1,,0
"LUCY LEE TAKES A BIG ONE",https://www.pornhub.com/view_video.php?viewkey=172826175,Unknown,433/83,,0
"DVA REVERSE COWGIRL ON BIG DICK - 6 MINUTES - SOUND",https://www.pornhub.com/view_video.php?viewkey=ph5b19f7b37b973,randomhentaii,67/43,,0
"KOREAN SHOW CAM 보쫍인데 남친자지커서 너무 힘들어하네",https://www.pornhub.com/view_video.php?viewkey=ph5c8233a23e19f,TopCollection,32/10,,0
"(TWICE) MINA DEEP ANAL SEX _ 트와이스 미나 딥 파이크",https://www.pornhub.com/view_video.php?viewkey=ph5c761b41595b6,Unknown,82/46,,0
"HARD ANAL TOYS SLAVE CAR PROBLEMS IN THE MIDDLE OF NOWHERE IN FLORIDA",https://www.pornhub.com/view_video.php?viewkey=ph5885290e9a229,unknown,35/15,,0
"MY BF FUCKS MY ASS HOLE WHILE MY LITTLE SISTER RESTS NEXT TO US",https://www.pornhub.com/view_video.php?viewkey=ph5f265b850deab,Madeincanarias,10080/3647,,190
"PUBLIC AGENT HOOK UP A YOUNG MARRIED GIRL FOR MONEY AND CREAMPIE HER PUSSY",https://www.pornhub.com/view_video.php?viewkey=ph5ee49ee225977,MariLewdVi,2002/994,,28
"MIKAMI YUYA HD UNCENSORED OFJE-189B",https://www.pornhub.com/view_video.php?viewkey=ph5e11f21f45e9e,Unknown,776/534,,3
"岬ななみNANAMI MISAKI-IPX-418",https://www.pornhub.com/view_video.php?viewkey=ph5ebf2f357d193,Unknown,45/10,,0
"HOW TO MAKE YOUR OWN VAGINA OR ANUS SEX TOY (DIY FLESHLIGHT / PUSSY / ANUS)",https://www.pornhub.com/view_video.php?viewkey=ph5910ce171787a,NymfoIndo,48521/14601,,957
"QUIERO SEXO -GACHA LIFE",https://www.pornhub.com/view_video.php?viewkey=ph5f00060b47bbe,SabriSexLIfe,141/45,,35
"JAYDEN LEE GETS HER ASSHOLE FUCKED",https://www.pornhub.com/view_video.php?viewkey=1348881717,Unknown,879/176,,4
"OVERWATCH D.VA ASS UP ANAL (SOUND EDIT)",https://www.pornhub.com/view_video.php?viewkey=ph5bce5c04cb5c1,Tai_Lop3z,684/98,,4
"HAILEY AND LUCY LOVE TO STUFF THEIR ASSES",https://www.pornhub.com/view_video.php?viewkey=054d2852d0fc1acfec7a,lawren98,285/48,,1
"FIRST TIME HARDCORERAP ANAL SEX",https://www.pornhub.com/view_video.php?viewkey=ph578495ce8e0b2,qrepoqwerty098,29484/12821,,142
"BOMB ASS PUSSY !!!!",https://www.pornhub.com/view_video.php?viewkey=ph5c6cbc6c146b0,Unknown,42/11,,2
"KOREAN GIRLS SHOW CAM 2019",https://www.pornhub.com/view_video.php?viewkey=ph5c8234a8cd2d9,TopCollection,22/6,,0
"KOREAN TEEN MASTURBATING AND FINGERING ON CAM",https://www.pornhub.com/view_video.php?viewkey=ph5e6f923f597c8,Camlive01,26/6,,0
"BELLA ANGEL VS 3 GUYS WITH PISS DRINKING AND DP",https://www.pornhub.com/view_video.php?viewkey=ph5f2d5c1faf2e0,1990lion,70/15,,0
"LUCY LEE'S BUTT TAKES A CREAMING",https://www.pornhub.com/view_video.php?viewkey=1482615346,Unknown,245/43,,2
"BLACK CAT D.VA ANAL OVERWATCH (ANIMATION W/SOUND)",https://www.pornhub.com/view_video.php?viewkey=ph5c097e86a45e6,Fuwaaa,292/81,,1
"HON (COURTNEY SWEET), KASSEY KRISTAL - ANAL-THREESOME",https://www.pornhub.com/view_video.php?viewkey=2124445494,cis123456,477/100,,3
18岁合法自慰双插喷水高潮~,https://www.pornhub.com/view_video.php?viewkey=ph5dce513b07c44,Supervi1,2137/373,,44
"AKELI PYASI JAWAN BHABHI XXX DESI BHABHI URDU CHEATING BOLLYWOOD STORY 2",https://www.pornhub.com/view_video.php?viewkey=ph575b0885e9fae,smitarani,54517/50566,,48
国产网红主播深夜户外露出啪啪，带项圈马路边爬行给主人口交后入爆菊,https://www.pornhub.com/view_video.php?viewkey=ph5f259e87e5ad2,tehile9443,274/104,,16
"CRYSTAL GETS FRUSTRATED WITH DOUBLE ANAL FAILURES (SEE HER FACE)",https://www.pornhub.com/view_video.php?viewkey=ph5a3b0ecd26c0f,smashmouth76,579/123,,9
"THE VERY BEST CUM SLUTS OUTDOORS IN ONE CLIP HD COMPILATION",https://www.pornhub.com/view_video.php?viewkey=ph5efecc9a22546,AndrewKillyleagh,535/259,,15
"ANIMATED CONDOMS FUCK ING BLONDE",https://www.pornhub.com/view_video.php?viewkey=1838783646,Unknown,4247/1323,,61
"OUCH ! LULU LOVE PORN BLOOPER - ACCIDENTAL ANAL !",https://www.pornhub.com/view_video.php?viewkey=ph5a489be41e4f8,JoeGillian,610/650,,6
"MY BF FUCKS MY ASS HOLE WHILE MY LITTLE SISTER RESTS NEXT TO US",https://www.pornhub.com/view_video.php?viewkey=ph5f265b850deab,Madeincanarias,10080/3647,,190
"PUBLIC AGENT HOOK UP A YOUNG MARRIED GIRL FOR MONEY AND CREAMPIE HER PUSSY",https://www.pornhub.com/view_video.php?viewkey=ph5ee49ee225977,MariLewdVi,2002/994,,28
"MIKAMI YUYA HD UNCENSORED OFJE-189B",https://www.pornhub.com/view_video.php?viewkey=ph5e11f21f45e9e,Unknown,776/534,,3
"岬ななみNANAMI MISAKI-IPX-418",https://www.pornhub.com/view_video.php?viewkey=ph5ebf2f357d193,Unknown,45/10,,0
"RUSSIAN MANHANDLE, LIGHT FAIRY 3ON1 BALLS DEEP ANAL, DP, GAPES, ROUGH SEX AND MESSY CUMSHOT",https://www.pornhub.com/view_video.php?viewkey=ph5f17ec71108c1,ekki182,888/273,,8
"Free Premium Video
BRAZZERS - LANA RHOADES WILL USE HER THROAT, PUSSY, ASS AND FEET TO SATISFY",https://www.pornhub.com/view_video.php?viewkey=ph5dc5899df25a6,Brazzers,207351/91833,,1054
"RUSSIAN MOM SURPRISES ING BOY WITH ANAL SEX",https://www.pornhub.com/view_video.php?viewkey=ph5688f9b20cd14,IonTihi2,13626/8040,,30
"GIRL ON TOP",https://www.pornhub.com/view_video.php?viewkey=ph5f0fba189c4f0,flyfishz1,37/3,,0
"GIRL FILMING HER SLUTTY FRIEND GETTING FUCKED IN THE ASS!",https://www.pornhub.com/view_video.php?viewkey=ph5d00feee54ca3,Raneber94,1499/609,,14
"ANAL GAPE",https://www.pornhub.com/view_video.php?viewkey=ph5f23d298206c3,aleistercorvenus,129/35,,1
"SPA DAY A SISSY CAPTION STORY",https://www.pornhub.com/view_video.php?viewkey=ph5f15e66e10f4a,TGtransformation,6989/2657,,166
"HE KEPT FOLLOWING SO I FUCKED HIM THEN MADE HIM CUM WITH MY TITS",https://www.pornhub.com/view_video.php?viewkey=ph5f0db7826aab2,zoeybabybbw,585/344,,5
"NOVA WIDOWMAKER ANAL COWGIRL OVERWATCH (ANIMATION W/SOUND)",https://www.pornhub.com/view_video.php?viewkey=ph5c16515744463,Fuwaaa,230/25,,1
"ZHUQUE MERCY SPREAD ANAL OVERWATCH (ANIMATION W/SOUND)",https://www.pornhub.com/view_video.php?viewkey=ph5c0c4cbf42cba,Fuwaaa,153/13,,3
"GIRLFRIEND HAS CRAZY GANGBANG",https://www.pornhub.com/view_video.php?viewkey=ph5d7c6242a1236,Unknown,5398/1687,,43
"DVA PLAYING WITH THE SEX MACHINE",https://www.pornhub.com/view_video.php?viewkey=ph5b8505ca09b22,unknown,281/145,,2
"D.VA ANAL OVERWATCH (BLENDER ANIMATION W/SOUND)",https://www.pornhub.com/view_video.php?viewkey=ph5bdf9e413b010,NSFWMercy,318/53,,1
"A YOUNG RUSSIAN BOY AND MATURE RUSSIAN WOMAN",https://www.pornhub.com/view_video.php?viewkey=894559511,Unknown,41036/21681,,145
